donaldtrump,donaldtrump,donaldjtrump@whitehouse.com
superman,superman,ntegrity@yahoo.com
peterpan,peterpan,smartfart@gmail.com
madonna,madonna,paina@icloud.com
batman,batman,jeteve@me.com
thejoker,thejoker,fairbank@msn.com
pele,pele,ianbuck@att.net
donaldduck,donaldduck,stecoop@yahoo.com
speedracer,speedracer,ingolfke@aol.com
pikachu,pikachu,bahwi@aol.com
sarahcarroll,SHET4EGp,webdragon@gmail.com
ceceliareal,uKBbd4m6,aprakash@me.com
jsmith,VmTgmuU7,conteb@optonline.net
snunez,Z4VEnGRY,rande@aol.com
roger22,MrsRLK38,bhima@comcast.net
karensib,3cMN8qYc,danzigism@gmail.com
vginia10,MqPWuN3P,hedwig@optonline.net
michaeldukakis,HTE6TbKD,konst@mac.com
billclinton,SjTjj7MP,geekgrl@sbcglobal.net
petercetera,PsgdRKwU,daveewart@yahoo.ca
billgates,fVc3ScDN,sagal@hotmail.com
elonmusk,TKAz4ZDv,leocharre@yahoo.ca
dorothy,xTqvf4yX,ianbuck@live.com
mathewc,CrFVkEmG,rasca@verizon.net
nicknova,ZkRjjekE,moxfulder@live.com
wendybass,k4ybpctQ,sinkou@aol.com
shaylaus,LWf3fuyq,aaribaud@aol.com
johnbrown,2zbzEzLG,lstaf@verizon.net
ramirosan,5rBVkUf5,mailarc@comcast.net
josegomes,fs7VJwAd,symbolic@me.com
italoboni,9dKLqbug,mbalazin@yahoo.ca
mariadriana,Ej2g9vvd,kidehen@yahoo.com
megawati,X2BhqD3L,quinn@live.com
agnesmonica,SMzwY97W,shrapnull@me.com
fatinshid,PAyBfcY7,aaribaud@icloud.com
vargvik,4USNXfCQ,weidai@sbcglobal.net
thorheyer,7nvzqGCA,wilsonpm@optonline.net
knutknut,awdjhZVA,nwiger@me.com
joanmarie,FuzN4DUv,dgriffith@gmail.com
napoleon,VuGknBhN,chrisj@gmail.com
brigitte1,zSj2AhmU,trygstad@yahoo.ca
marionsara,8KA9z6eL,firstpr@optonline.net
tsai1999,3SaZuudq,manuals@outlook.com
markchao,tPNzkSKZ,miyop@live.com
ruby2626,nxswKaVx,carreras@me.com
junhase,T7D2xUmM,cameron@me.com
fumiki,PLSn2d6G,kingma@mac.com
naka0000,GmgDTKNf,seasweb@verizon.net
harunako,VFjWwgqP,leslie@aol.com
salman,uf3TxXfR,pfitza@att.net
talalbin,Q3Kh8T6K,daveed@hotmail.com
saudbn,NUPaDvkU,tangsh@icloud.com
faisalgreat,f6ZKmqh5,luvirini@outlook.com
moha1000,k44a3bqQ,tkrotchko@yahoo.com
lutfali1,usMkfaJH,bsikdar@att.net
telman3,6hYsdqZG,skajan@aol.com
aligha20,6xZuryPX,jesse@verizon.net
alasgar10,cscDkfr7,jimmichie@live.com
aliyev1980,QED6HAwp,world@optonline.net
rogerfed,SrAV9rH3,joglo@verizon.net
ursula,ZPUXEEqV,krueger@live.com
kleepaul,6C7rQLqT,kenja@yahoo.ca
martina,3JwZR3ZW,arathi@att.net
dunant,gKRtfpBA,hillct@sbcglobal.net
balechris,Zt4qeRGt,aegreene@me.com
andrewsj,G7kSE94a,yxing@mac.com
simoncowll,7vyJPrhy,gfxguy@outlook.com
ehurley,Za3She33,temmink@live.com
orlandbloom,rccnaFvT,louise@optonline.net
heinzerh,c5HBNJRB,jacks@icloud.com
markroth,ycwnawGg,satch@icloud.com
mikhailba,jKpvSUsy,singh@msn.com
sergei10,qvcvxt6H,kmiller@icloud.com
vitas44,Gb9eP65a,flakeg@optonline.net